can_id,can_data,interval_ms,Index,Speed_mm/s,Angle_deg
0x200,01F4FEA2,10,20,500,-0.35
0x200,01F4FE8E,10,21,500,-0.37
0x200,01F4FE7A,10,22,500,-0.39
0x200,01F4FE5C,10,23,500,-0.42
0x200,01F4FE48,10,24,500,-0.44
0x200,01F4FE34,10,25,500,-0.46
0x200,01F4FE16,10,26,500,-0.49
0x200,01F4FE02,10,27,500,-0.51
0x200,01F4FDEE,10,28,500,-0.53
0x200,01F4FDD0,10,29,500,-0.56
0x200,01F4FDBC,10,30,500,-0.58
0x200,01F4FDA8,10,31,500,-0.60
0x200,01F4FD8A,10,32,500,-0.63
0x200,01F4FD76,10,33,500,-0.65
0x200,01F4FD62,10,34,500,-0.67
0x200,01F4FD44,10,35,500,-0.70
0x200,01F4FD30,10,36,500,-0.72
0x200,01F4FD1C,10,37,500,-0.74
0x200,01F4FD08,10,38,500,-0.76
0x200,01F4FCF4,10,39,500,-0.78
0x200,01F4FCE0,10,40,500,-0.80
0x200,03E8FCCC,10,41,1000,-0.82
0x200,03E8FCB8,10,42,1000,-0.84
0x200,03E8FCA4,10,43,1000,-0.86
0x200,03E8FC90,10,44,1000,-0.88
0x200,03E8FC7C,10,45,1000,-0.90
0x200,03E8FC68,10,46,1000,-0.92
0x200,03E8FC5E,10,47,1000,-0.93
0x200,03E8FC4A,10,48,1000,-0.95
0x200,03E8FC40,10,49,1000,-0.96
0x200,03E8FC2C,10,50,1000,-0.98
0x200,03E8FC22,10,51,1000,-0.99
0x200,03E8FC0E,10,52,1000,-1.01
0x200,03E8FC04,10,53,1000,-1.02
0x200,03E8FBFA,10,54,1000,-1.03
0x200,03E8FBF0,10,55,1000,-1.04
0x200,03E8FBE6,10,56,1000,-1.05
0x200,05DCFBDC,10,57,1500,-1.06
0x200,05DCFBD2,10,58,1500,-1.07
0x200,05DCFBD2,10,59,1500,-1.07
0x200,05DCFBC8,10,60,1500,-1.08
0x200,05DCFBC8,10,61,1500,-1.08
0x200,05DCFBBE,10,62,1500,-1.09
0x200,05DCFBBE,10,63,1500,-1.09
0x200,05DCFBBE,10,64,1500,-1.09
0x200,05DCFBBE,10,65,1500,-1.09
0x200,05DCFBBE,10,66,1500,-1.09
0x200,05DCFBBE,10,67,1500,-1.09
0x200,05DCFBBE,10,68,1500,-1.09
0x200,05DCFBC8,10,69,1500,-1.08
0x200,05DCFBC8,10,70,1500,-1.08
0x200,07D0FBD2,10,71,2000,-1.07
0x200,07D0FBDC,10,72,2000,-1.06
0x200,07D0FBE6,10,73,2000,-1.05
0x200,07D0FBF0,10,74,2000,-1.04
0x200,07D0FBFA,10,75,2000,-1.03
0x200,07D0FC04,10,76,2000,-1.02
0x200,07D0FC0E,10,77,2000,-1.01
0x200,07D0FC22,10,78,2000,-0.99
0x200,07D0FC36,10,79,2000,-0.97
0x200,07D0FC4A,10,80,2000,-0.95
0x200,07D0FC5E,10,81,2000,-0.93
0x200,07D0FC72,10,82,2000,-0.91
0x200,09C4FC90,10,83,2500,-0.88
0x200,09C4FCB8,10,84,2500,-0.84
0x200,09C4FCD6,10,85,2500,-0.81
0x200,09C4FD08,10,86,2500,-0.76
0x200,09C4FD3A,10,87,2500,-0.71
0x200,09C4FD6C,10,88,2500,-0.66
0x200,09C4FD9E,10,89,2500,-0.61
0x200,09C4FDDA,10,90,2500,-0.55
0x200,09C4FE16,10,91,2500,-0.49
0x200,09C4FE48,10,92,2500,-0.44
0x200,09C4FE7A,10,93,2500,-0.39
0x200,09C4FEAC,10,94,2500,-0.34
0x200,0BB8FEDE,10,95,3000,-0.29
0x200,0BB8FF10,10,96,3000,-0.24
0x200,0BB8FF38,10,97,3000,-0.20
0x200,0BB8FF60,10,98,3000,-0.16
0x200,0BB8FF7E,10,99,3000,-0.13
0x200,0BB8FF9C,10,100,3000,-0.10
0x200,0BB8FFBA,10,101,3000,-0.07
0x200,0BB8FFCE,10,102,3000,-0.05
0x200,0BB8FFE2,10,103,3000,-0.03
0x200,0BB8FFEC,10,104,3000,-0.02
0x200,0BB80000,10,105,3000,-0.00
0x200,0BB8000A,10,106,3000,0.01
0x200,0BB80014,10,107,3000,0.02
0x200,0BB80028,10,108,3000,0.04
0x200,0BB8003C,10,109,3000,0.06
0x200,0BB8005A,10,110,3000,0.09
0x200,0BB80078,10,111,3000,0.12
0x200,0BB800A0,10,112,3000,0.16
0x200,0BB800D2,10,113,3000,0.21
0x200,0BB80104,10,114,3000,0.26
0x200,0BB80140,10,115,3000,0.32
0x200,0BB80186,10,116,3000,0.39
0x200,0BB801CC,10,117,3000,0.46
0x200,0BB8021C,10,118,3000,0.54
0x200,0BB80276,10,119,3000,0.63
0x200,0BB802D0,10,120,3000,0.72
0x200,0BB8032A,10,121,3000,0.81
0x200,0BB8037A,10,122,3000,0.89
0x200,0BB803CA,10,123,3000,0.97
0x200,0BB80424,10,124,3000,1.06
0x200,0BB8046A,10,125,3000,1.13
0x200,0BB804B0,10,126,3000,1.20
0x200,0BB804F6,10,127,3000,1.27
0x200,0BB80532,10,128,3000,1.33
0x200,0BB8056E,10,129,3000,1.39
0x200,0BB805B4,10,130,3000,1.46
0x200,0BB805F0,10,131,3000,1.52
0x200,09C4062C,10,132,2500,1.58
0x200,0BB80672,10,133,3000,1.65
0x200,0BB806AE,10,134,3000,1.71
0x200,09C406EA,10,135,2500,1.77
0x200,09C40730,10,136,2500,1.84
0x200,09C4076C,10,137,2500,1.90
0x200,09C407B2,10,138,2500,1.97
0x200,09C407ED,10,139,2500,2.03
0x200,09C40834,10,140,2500,2.10
0x200,09C40870,10,141,2500,2.16
0x200,09C408B6,10,142,2500,2.23
0x200,09C408F2,10,143,2500,2.29
0x200,09C4092E,10,144,2500,2.35
0x200,09C40974,10,145,2500,2.42
0x200,09C409B0,10,146,2500,2.48
0x200,09C409F6,10,147,2500,2.55
0x200,09C40A3C,10,148,2500,2.62
0x200,09C40A78,10,149,2500,2.68
0x200,09C40ABE,10,150,2500,2.75
0x200,09C40AFA,10,151,2500,2.81
0x200,09C40B40,10,152,2500,2.88
0x200,09C40B7C,10,153,2500,2.94
0x200,09C40BC2,10,154,2500,3.01
0x200,09C40BFE,10,155,2500,3.07
0x200,09C40C44,10,156,2500,3.14
0x200,09C40C80,10,157,2500,3.20
0x200,09C40CC6,10,158,2500,3.27
0x200,09C40D02,10,159,2500,3.33
0x200,09C40D48,10,160,2500,3.40
0x200,09C40D84,10,161,2500,3.46
0x200,09C40DC0,10,162,2500,3.52
0x200,09C40E06,10,163,2500,3.59
0x200,09C40E42,10,164,2500,3.65
0x200,09C40E88,10,165,2500,3.72
0x200,09C40EC4,10,166,2500,3.78
0x200,09C40F0A,10,167,2500,3.85
0x200,09C40F46,10,168,2500,3.91
0x200,09C40F82,10,169,2500,3.97
0x200,09C40FC8,10,170,2500,4.04
0x200,09C41004,10,171,2500,4.10
0x200,09C41040,10,172,2500,4.16
0x200,09C4107C,10,173,2500,4.22
0x200,09C410C2,10,174,2500,4.29
0x200,09C410FE,10,175,2500,4.35
0x200,09C4113A,10,176,2500,4.41
0x200,09C41176,10,177,2500,4.47
0x200,09C411B2,10,178,2500,4.53
0x200,09C411EE,10,179,2500,4.59
0x200,09C41234,10,180,2500,4.66
0x200,09C41270,10,181,2500,4.72
0x200,07D012AC,10,182,2000,4.78
0x200,09C412E8,10,183,2500,4.84
0x200,09C41324,10,184,2500,4.90
0x200,09C41356,10,185,2500,4.95
0x200,07D01392,10,186,2000,5.01
0x200,07D013CE,10,187,2000,5.07
0x200,07D0140A,10,188,2000,5.13
0x200,07D01446,10,189,2000,5.19
0x200,07D01478,10,190,2000,5.24
0x200,07D014B4,10,191,2000,5.30
0x200,07D014F0,10,192,2000,5.36
0x200,07D01522,10,193,2000,5.41
0x200,07D0155E,10,194,2000,5.47
0x200,07D01590,10,195,2000,5.52
0x200,07D015CC,10,196,2000,5.58
0x200,07D015FE,10,197,2000,5.63
0x200,07D0163A,10,198,2000,5.69
0x200,07D0166C,10,199,2000,5.74
0x200,07D0169E,10,200,2000,5.79
0x200,07D016D0,10,201,2000,5.84
0x200,09C41702,10,202,2500,5.89
0x200,07D01734,10,203,2000,5.94
0x200,07D0175C,10,204,2000,5.98
0x200,07D0178E,10,205,2000,6.03
0x200,07D017B6,10,206,2000,6.07
0x200,07D017DE,10,207,2000,6.11
0x200,07D01806,10,208,2000,6.15
0x200,07D01838,10,209,2000,6.20
0x200,07D01860,10,210,2000,6.24
0x200,07D0187E,10,211,2000,6.27
0x200,07D018A6,10,212,2000,6.31
0x200,07D018CE,10,213,2000,6.35
0x200,07D018EC,10,214,2000,6.38
0x200,07D01914,10,215,2000,6.42
0x200,07D01932,10,216,2000,6.45
0x200,07D01950,10,217,2000,6.48
0x200,07D01978,10,218,2000,6.52
0x200,07D01996,10,219,2000,6.55
0x200,07D019AA,10,220,2000,6.57
0x200,07D019C8,10,221,2000,6.60
0x200,07D019E6,10,222,2000,6.63
0x200,07D01A04,10,223,2000,6.66
0x200,07D01A18,10,224,2000,6.68
0x200,07D01A2C,10,225,2000,6.70
0x200,07D01A4A,10,226,2000,6.73
0x200,07D01A5E,10,227,2000,6.75
0x200,07D01A72,10,228,2000,6.77
0x200,07D01A7C,10,229,2000,6.78
0x200,07D01A90,10,230,2000,6.80
0x200,07D01AA4,10,231,2000,6.82
0x200,07D01AAE,10,232,2000,6.83
0x200,07D01AC2,10,233,2000,6.85
0x200,07D01ACC,10,234,2000,6.86
0x200,07D01AD6,10,235,2000,6.87
0x200,07D01AE0,10,236,2000,6.88
0x200,07D01AEA,10,237,2000,6.89
0x200,07D01AF4,10,238,2000,6.90
0x200,07D01AF4,10,239,2000,6.90
0x200,07D01AFE,10,240,2000,6.91
0x200,07D01AFE,10,241,2000,6.91
0x200,07D01AFE,10,242,2000,6.91
0x200,07D01AFE,10,243,2000,6.91
0x200,07D01AFE,10,244,2000,6.91
0x200,07D01AFE,10,245,2000,6.91
0x200,07D01AFE,10,246,2000,6.91
0x200,07D01AF4,10,247,2000,6.90
0x200,07D01AF4,10,248,2000,6.90
0x200,07D01AEA,10,249,2000,6.89
0x200,07D01AE0,10,250,2000,6.88
0x200,07D01AD6,10,251,2000,6.87
0x200,07D01ACC,10,252,2000,6.86
0x200,07D01AB8,10,253,2000,6.84
0x200,07D01AAE,10,254,2000,6.83
0x200,07D01A9A,10,255,2000,6.81
0x200,07D01A90,10,256,2000,6.80
0x200,07D01A7C,10,257,2000,6.78
0x200,07D01A68,10,258,2000,6.76
0x200,07D01A54,10,259,2000,6.74
0x200,07D01A40,10,260,2000,6.72
0x200,07D01A22,10,261,2000,6.69
0x200,07D01A0E,10,262,2000,6.67
0x200,07D019F0,10,263,2000,6.64
0x200,07D019D2,10,264,2000,6.61
0x200,07D019B4,10,265,2000,6.58
0x200,07D01996,10,266,2000,6.55
0x200,07D01978,10,267,2000,6.52
0x200,07D0195A,10,268,2000,6.49
0x200,07D01932,10,269,2000,6.45
0x200,07D01914,10,270,2000,6.42
0x200,07D018EC,10,271,2000,6.38
0x200,07D018C4,10,272,2000,6.34
0x200,07D0189C,10,273,2000,6.30
0x200,07D01874,10,274,2000,6.26
0x200,07D01842,10,275,2000,6.21
0x200,07D0181A,10,276,2000,6.17
0x200,07D017E8,10,277,2000,6.12
0x200,07D017C0,10,278,2000,6.08
0x200,07D0178E,10,279,2000,6.03
0x200,07D0175C,10,280,2000,5.98
0x200,07D0172A,10,281,2000,5.93
0x200,07D016F8,10,282,2000,5.88
0x200,07D016C6,10,283,2000,5.83
0x200,07D0168A,10,284,2000,5.77
0x200,07D01658,10,285,2000,5.72
0x200,07D0161C,10,286,2000,5.66
0x200,07D015E0,10,287,2000,5.60
0x200,07D015A4,10,288,2000,5.54
0x200,07D01568,10,289,2000,5.48
0x200,07D0152C,10,290,2000,5.42
0x200,07D014F0,10,291,2000,5.36
0x200,07D014AA,10,292,2000,5.29
0x200,07D0146E,10,293,2000,5.23
0x200,07D01428,10,294,2000,5.16
0x200,09C413EC,10,295,2500,5.10
0x200,09C413A6,10,296,2500,5.03
0x200,09C41360,10,297,2500,4.96
0x200,09C4131A,10,298,2500,4.89
0x200,09C412D4,10,299,2500,4.82
0x200,09C4128E,10,300,2500,4.75
0x200,09C4123E,10,301,2500,4.67
0x200,09C411F8,10,302,2500,4.60
0x200,09C411A8,10,303,2500,4.52
0x200,09C41162,10,304,2500,4.45
0x200,09C41112,10,305,2500,4.37
0x200,09C410C2,10,306,2500,4.29
0x200,09C41072,10,307,2500,4.21
0x200,09C41022,10,308,2500,4.13
0x200,09C40FD2,10,309,2500,4.05
0x200,09C40F82,10,310,2500,3.97
0x200,09C40F32,10,311,2500,3.89
0x200,09C40ED8,10,312,2500,3.80
0x200,09C40E88,10,313,2500,3.72
0x200,09C40E2E,10,314,2500,3.63
0x200,09C40DDE,10,315,2500,3.55
0x200,09C40D84,10,316,2500,3.46
0x200,09C40D2A,10,317,2500,3.37
0x200,09C40CDA,10,318,2500,3.29
0x200,09C40C80,10,319,2500,3.20
0x200,09C40C26,10,320,2500,3.11
0x200,09C40BCC,10,321,2500,3.02
0x200,09C40B72,10,322,2500,2.93
0x200,09C40B0E,10,323,2500,2.83
0x200,09C40AB4,10,324,2500,2.74
0x200,09C40A5A,10,325,2500,2.65
0x200,09C40A00,10,326,2500,2.56
0x200,09C4099C,10,327,2500,2.46
0x200,09C40942,10,328,2500,2.37
0x200,09C408DE,10,329,2500,2.27
0x200,09C40884,10,330,2500,2.18
0x200,09C40820,10,331,2500,2.08
0x200,09C407BC,10,332,2500,1.98
0x200,09C40762,10,333,2500,1.89
0x200,09C406FE,10,334,2500,1.79
0x200,0BB8069A,10,335,3000,1.69
0x200,09C40636,10,336,2500,1.59
0x200,0BB805DC,10,337,3000,1.50
0x200,0BB80578,10,338,3000,1.40
0x200,09C4050A,10,339,2500,1.29
0x200,0BB80492,10,340,3000,1.17
0x200,0BB8041A,10,341,3000,1.05
0x200,0BB80398,10,342,3000,0.92
0x200,0BB80316,10,343,3000,0.79
0x200,0BB80294,10,344,3000,0.66
0x200,0BB8021C,10,345,3000,0.54
0x200,0BB801A4,10,346,3000,0.42
0x200,0BB80136,10,347,3000,0.31
0x200,0BB800DC,10,348,3000,0.22
0x200,0BB80096,10,349,3000,0.15
0x200,0BB8005A,10,350,3000,0.09
0x200,0BB80028,10,351,3000,0.04
0x200,0BB8FFF6,10,352,3000,-0.01
0x200,0BB8FFCE,10,353,3000,-0.05
0x200,0BB8FF92,10,354,3000,-0.11
0x200,0BB8FF56,10,355,3000,-0.17
0x200,0BB8FF06,10,356,3000,-0.25
0x200,0BB8FEA2,10,357,3000,-0.35
0x200,0BB8FE34,10,358,3000,-0.46
0x200,0BB8FDBC,10,359,3000,-0.58
0x200,0BB8FD3A,10,360,3000,-0.71
0x200,0BB8FCB8,10,361,3000,-0.84
0x200,0BB8FC36,10,362,3000,-0.97
0x200,0BB8FBBE,10,363,3000,-1.09
0x200,0BB8FB3C,10,364,3000,-1.22
0x200,0BB8FACE,10,365,3000,-1.33
0x200,0BB8FA60,10,366,3000,-1.44
0x200,0BB8F9FC,10,367,3000,-1.54
0x200,09C4F998,10,368,2500,-1.64
0x200,0BB8F934,10,369,3000,-1.74
0x200,09C4F8D0,10,370,2500,-1.84
0x200,0BB8F86C,10,371,3000,-1.94
0x200,09C4F808,10,372,2500,-2.04
0x200,09C4F7A4,10,373,2500,-2.14
0x200,09C4F740,10,374,2500,-2.24
0x200,09C4F6DC,10,375,2500,-2.34
0x200,09C4F678,10,376,2500,-2.44
0x200,09C4F614,10,377,2500,-2.54
0x200,09C4F5B0,10,378,2500,-2.64
0x200,09C4F54C,10,379,2500,-2.74
0x200,09C4F4E8,10,380,2500,-2.84
0x200,09C4F48E,10,381,2500,-2.93
0x200,09C4F42A,10,382,2500,-3.03
0x200,09C4F3C6,10,383,2500,-3.13
0x200,09C4F36C,10,384,2500,-3.22
0x200,09C4F308,10,385,2500,-3.32
0x200,09C4F2A4,10,386,2500,-3.42
0x200,09C4F24A,10,387,2500,-3.51
0x200,09C4F1E6,10,388,2500,-3.61
0x200,09C4F18C,10,389,2500,-3.70
0x200,09C4F132,10,390,2500,-3.79
0x200,09C4F0CE,10,391,2500,-3.89
0x200,09C4F074,10,392,2500,-3.98
0x200,09C4F010,10,393,2500,-4.08
0x200,09C4EFB6,10,394,2500,-4.17
0x200,09C4EF5C,10,395,2500,-4.26
0x200,09C4EF02,10,396,2500,-4.35
0x200,09C4EEA8,10,397,2500,-4.44
0x200,09C4EE4E,10,398,2500,-4.53
0x200,09C4EDEA,10,399,2500,-4.63
0x200,09C4ED90,10,400,2500,-4.72
0x200,09C4ED36,10,401,2500,-4.81
0x200,09C4ECE6,10,402,2500,-4.89
0x200,09C4EC8C,10,403,2500,-4.98
0x200,07D0EC32,10,404,2000,-5.07
0x200,07D0EBD8,10,405,2000,-5.16
0x200,09C4EB7E,10,406,2500,-5.25
0x200,07D0EB24,10,407,2000,-5.34
0x200,07D0EAD4,10,408,2000,-5.42
0x200,09C4EA7A,10,409,2500,-5.51
0x200,07D0EA2A,10,410,2000,-5.59
0x200,07D0E9D0,10,411,2000,-5.68
0x200,07D0E976,10,412,2000,-5.77
0x200,07D0E926,10,413,2000,-5.85
0x200,07D0E8D6,10,414,2000,-5.93
0x200,07D0E87C,10,415,2000,-6.02
0x200,07D0E82C,10,416,2000,-6.10
0x200,07D0E7DC,10,417,2000,-6.18
0x200,07D0E782,10,418,2000,-6.27
0x200,07D0E732,10,419,2000,-6.35
0x200,07D0E6E2,10,420,2000,-6.43
0x200,07D0E692,10,421,2000,-6.51
0x200,07D0E642,10,422,2000,-6.59
0x200,07D0E5F2,10,423,2000,-6.67
0x200,07D0E5A2,10,424,2000,-6.75
0x200,07D0E552,10,425,2000,-6.83
0x200,07D0E502,10,426,2000,-6.91
0x200,07D0E4B2,10,427,2000,-6.99
0x200,07D0E462,10,428,2000,-7.07
0x200,07D0E412,10,429,2000,-7.15
0x200,07D0E3C2,10,430,2000,-7.23
0x200,07D0E37C,10,431,2000,-7.30
0x200,07D0E32C,10,432,2000,-7.38
0x200,07D0E2DC,10,433,2000,-7.46
0x200,07D0E28C,10,434,2000,-7.54
0x200,07D0E246,10,435,2000,-7.61
0x200,07D0E1F6,10,436,2000,-7.69
0x200,07D0E1B0,10,437,2000,-7.76
0x200,07D0E160,10,438,2000,-7.84
0x200,07D0E11A,10,439,2000,-7.91
0x200,07D0E0CA,10,440,2000,-7.99
0x200,07D0E084,10,441,2000,-8.06
0x200,05DCE03E,10,442,1500,-8.13
0x200,07D0DFEE,10,443,2000,-8.21
0x200,07D0DFA8,10,444,2000,-8.28
0x200,05DCDF62,10,445,1500,-8.35
0x200,07D0DF12,10,446,2000,-8.43
0x200,05DCDECC,10,447,1500,-8.50
0x200,05DCDE86,10,448,1500,-8.57
0x200,05DCDE40,10,449,1500,-8.64
0x200,05DCDDFA,10,450,1500,-8.71
0x200,05DCDDB4,10,451,1500,-8.78
0x200,05DCDD6E,10,452,1500,-8.85
0x200,07D0DD1E,10,453,2000,-8.93
0x200,05DCDCD8,10,454,1500,-9.00
0x200,05DCDC92,10,455,1500,-9.07
0x200,05DCDC4C,10,456,1500,-9.14
0x200,05DCDC10,10,457,1500,-9.20
0x200,05DCDBCA,10,458,1500,-9.27
0x200,05DCDB84,10,459,1500,-9.34
0x200,05DCDB3E,10,460,1500,-9.41
0x200,05DCDAF8,10,461,1500,-9.48
0x200,05DCDAB2,10,462,1500,-9.55
0x200,05DCDA6C,10,463,1500,-9.62
0x200,05DCDA30,10,464,1500,-9.68
0x200,05DCD9EA,10,465,1500,-9.75
0x200,05DCD9A4,10,466,1500,-9.82
0x200,05DCD95E,10,467,1500,-9.89
0x200,05DCD922,10,468,1500,-9.95
0x200,05DCD8DC,10,469,1500,-10.02
0x200,05DCD896,10,470,1500,-10.09
0x200,05DCD85A,10,471,1500,-10.15
0x200,05DCD814,10,472,1500,-10.22
0x200,05DCD7CE,10,473,1500,-10.29
0x200,05DCD792,10,474,1500,-10.35
0x200,05DCD74C,10,475,1500,-10.42
0x200,05DCD706,10,476,1500,-10.49
0x200,05DCD6CA,10,477,1500,-10.55
0x200,05DCD684,10,478,1500,-10.62
0x200,05DCD648,10,479,1500,-10.68
0x200,05DCD602,10,480,1500,-10.75
0x200,05DCD5C6,10,481,1500,-10.81
0x200,05DCD580,10,482,1500,-10.88
0x200,05DCD544,10,483,1500,-10.94
0x200,05DCD508,10,484,1500,-11.00
0x200,05DCD4C2,10,485,1500,-11.07
0x200,05DCD486,10,486,1500,-11.13
0x200,05DCD440,10,487,1500,-11.20
0x200,05DCD404,10,488,1500,-11.26
0x200,03E8D3C8,10,489,1000,-11.32
0x200,05DCD382,10,490,1500,-11.39
0x200,03E8D346,10,491,1000,-11.45
0x200,03E8D30A,10,492,1000,-11.51
0x200,05DCD2CE,10,493,1500,-11.57
0x200,05DCD288,10,494,1500,-11.64
0x200,03E8D24C,10,495,1000,-11.70
0x200,05DCD210,10,496,1500,-11.76
0x200,03E8D1D4,10,497,1000,-11.82
0x200,03E8D198,10,498,1000,-11.88
0x200,03E8D15C,10,499,1000,-11.94
0x200,03E8D120,10,500,1000,-12.00
0x200,03E8D0E4,10,501,1000,-12.06
0x200,03E8D0A8,10,502,1000,-12.12
0x200,03E8D06C,10,503,1000,-12.18
0x200,03E8D030,10,504,1000,-12.24
0x200,03E8CFF4,10,505,1000,-12.30
0x200,03E8CFB8,10,506,1000,-12.36
0x200,03E8CF7C,10,507,1000,-12.42
0x200,03E8CF4A,10,508,1000,-12.47
0x200,03E8CF0E,10,509,1000,-12.53
0x200,03E8CED2,10,510,1000,-12.59
0x200,03E8CEA0,10,511,1000,-12.64
0x200,03E8CE64,10,512,1000,-12.70
0x200,03E8CE32,10,513,1000,-12.75
0x200,03E8CDF6,10,514,1000,-12.81
0x200,03E8CDC4,10,515,1000,-12.86
0x200,03E8CD88,10,516,1000,-12.92
0x200,03E8CD56,10,517,1000,-12.97
0x200,03E8CD24,10,518,1000,-13.02
0x200,03E8CCF2,10,519,1000,-13.07
0x200,03E8CCB6,10,520,1000,-13.13
0x200,03E8CC84,10,521,1000,-13.18
0x200,03E8CC52,10,522,1000,-13.23
0x200,03E8CC20,10,523,1000,-13.28
0x200,03E8CBEE,10,524,1000,-13.33
0x200,03E8CBC6,10,525,1000,-13.37
0x200,03E8CB94,10,526,1000,-13.42
0x200,03E8CB62,10,527,1000,-13.47
0x200,03E8CB30,10,528,1000,-13.52
0x200,03E8CB08,10,529,1000,-13.56
0x200,03E8CAD6,10,530,1000,-13.61
0x200,03E8CAAE,10,531,1000,-13.65
0x200,03E8CA86,10,532,1000,-13.69
0x200,03E8CA54,10,533,1000,-13.74
0x200,03E8CA2C,10,534,1000,-13.78
0x200,03E8CA04,10,535,1000,-13.82
0x200,03E8C9DC,10,536,1000,-13.86
0x200,03E8C9B4,10,537,1000,-13.90
0x200,03E8C98C,10,538,1000,-13.94
0x200,03E8C964,10,539,1000,-13.98
0x200,03E8C946,10,540,1000,-14.01
0x200,03E8C91E,10,541,1000,-14.05
0x200,03E8C8F6,10,542,1000,-14.09
0x200,03E8C8D8,10,543,1000,-14.12
0x200,03E8C8BA,10,544,1000,-14.15
0x200,03E8C892,10,545,1000,-14.19
0x200,03E8C874,10,546,1000,-14.22
0x200,03E8C856,10,547,1000,-14.25
0x200,03E8C838,10,548,1000,-14.28
0x200,03E8C81A,10,549,1000,-14.31
0x200,03E8C806,10,550,1000,-14.33
0x200,03E8C7E8,10,551,1000,-14.36
0x200,03E8C7CA,10,552,1000,-14.39
0x200,03E8C7B6,10,553,1000,-14.41
0x200,03E8C798,10,554,1000,-14.44
0x200,03E8C784,10,555,1000,-14.46
0x200,03E8C770,10,556,1000,-14.48
0x200,03E8C75C,10,557,1000,-14.50
0x200,03E8C748,10,558,1000,-14.52
0x200,01F4C734,10,559,500,-14.54
0x200,03E8C72A,10,560,1000,-14.55
0x200,01F4C716,10,561,500,-14.57
0x200,03E8C702,10,562,1000,-14.59
0x200,03E8C6F8,10,563,1000,-14.60
0x200,03E8C6EE,10,564,1000,-14.61
0x200,03E8C6E4,10,565,1000,-14.62
0x200,03E8C6DA,10,566,1000,-14.63
0x200,03E8C6D0,10,567,1000,-14.64
0x200,01F4C6C6,10,568,500,-14.65
0x200,03E8C6C6,10,569,1000,-14.65
0x200,03E8C6BC,10,570,1000,-14.66
0x200,01F4C6BC,10,571,500,-14.66
0x200,03E8C6BC,10,572,1000,-14.66
0x200,03E8C6B2,10,573,1000,-14.67
0x200,03E8C6B2,10,574,1000,-14.67
0x200,03E8C6BC,10,575,1000,-14.66
0x200,03E8C6BC,10,576,1000,-14.66
0x200,03E8C6BC,10,577,1000,-14.66
0x200,03E8C6C6,10,578,1000,-14.65
0x200,03E8C6D0,10,579,1000,-14.64
0x200,03E8C6DA,10,580,1000,-14.63
0x200,03E8C6E4,10,581,1000,-14.62
0x200,03E8C6EE,10,582,1000,-14.61
0x200,03E8C6F8,10,583,1000,-14.60
0x200,03E8C702,10,584,1000,-14.59
0x200,03E8C716,10,585,1000,-14.57
0x200,03E8C72A,10,586,1000,-14.55
0x200,03E8C73E,10,587,1000,-14.53
0x200,03E8C752,10,588,1000,-14.51
0x200,03E8C766,10,589,1000,-14.49
0x200,03E8C77A,10,590,1000,-14.47
0x200,03E8C798,10,591,1000,-14.44
0x200,03E8C7AC,10,592,1000,-14.42
0x200,03E8C7CA,10,593,1000,-14.39
0x200,03E8C7E8,10,594,1000,-14.36
0x200,03E8C806,10,595,1000,-14.33
0x200,03E8C824,10,596,1000,-14.30
0x200,03E8C84C,10,597,1000,-14.26
0x200,03E8C86A,10,598,1000,-14.23
0x200,03E8C892,10,599,1000,-14.19
0x200,03E8C8BA,10,600,1000,-14.15
0x200,03E8C8E2,10,601,1000,-14.11
0x200,03E8C90A,10,602,1000,-14.07
0x200,03E8C932,10,603,1000,-14.03
0x200,03E8C95A,10,604,1000,-13.99
0x200,03E8C98C,10,605,1000,-13.94
0x200,03E8C9BE,10,606,1000,-13.89
0x200,03E8C9E6,10,607,1000,-13.85
0x200,03E8CA18,10,608,1000,-13.80
0x200,03E8CA54,10,609,1000,-13.74
0x200,03E8CA86,10,610,1000,-13.69
0x200,03E8CAB8,10,611,1000,-13.64
0x200,03E8CAF4,10,612,1000,-13.58
0x200,03E8CB30,10,613,1000,-13.52
0x200,03E8CB6C,10,614,1000,-13.46
0x200,03E8CBA8,10,615,1000,-13.40
0x200,03E8CBE4,10,616,1000,-13.34
0x200,03E8CC20,10,617,1000,-13.28
0x200,03E8CC66,10,618,1000,-13.21
0x200,03E8CCA2,10,619,1000,-13.15
0x200,03E8CCE8,10,620,1000,-13.08
0x200,03E8CD2E,10,621,1000,-13.01
0x200,03E8CD74,10,622,1000,-12.94
0x200,03E8CDBA,10,623,1000,-12.87
0x200,03E8CE00,10,624,1000,-12.80
0x200,03E8CE50,10,625,1000,-12.72
0x200,03E8CEA0,10,626,1000,-12.64
0x200,03E8CEE6,10,627,1000,-12.57
0x200,03E8CF36,10,628,1000,-12.49
0x200,03E8CF86,10,629,1000,-12.41
0x200,03E8CFD6,10,630,1000,-12.33
0x200,03E8D030,10,631,1000,-12.24
0x200,03E8D080,10,632,1000,-12.16
0x200,03E8D0D0,10,633,1000,-12.08
0x200,05DCD12A,10,634,1500,-11.99
0x200,03E8D184,10,635,1000,-11.90
0x200,03E8D1DE,10,636,1000,-11.81
0x200,03E8D238,10,637,1000,-11.72
0x200,03E8D292,10,638,1000,-11.63
0x200,03E8D2EC,10,639,1000,-11.54
0x200,05DCD350,10,640,1500,-11.44
0x200,05DCD3AA,10,641,1500,-11.35
0x200,05DCD40E,10,642,1500,-11.25
0x200,05DCD472,10,643,1500,-11.15
0x200,05DCD4D6,10,644,1500,-11.05
0x200,05DCD53A,10,645,1500,-10.95
0x200,05DCD59E,10,646,1500,-10.85
0x200,05DCD602,10,647,1500,-10.75
0x200,05DCD666,10,648,1500,-10.65
0x200,05DCD6D4,10,649,1500,-10.54
0x200,05DCD742,10,650,1500,-10.43
0x200,05DCD7A6,10,651,1500,-10.33
0x200,05DCD814,10,652,1500,-10.22
0x200,05DCD882,10,653,1500,-10.11
0x200,05DCD8F0,10,654,1500,-10.00
0x200,05DCD95E,10,655,1500,-9.89
0x200,05DCD9CC,10,656,1500,-9.78
0x200,05DCDA44,10,657,1500,-9.66
0x200,05DCDAB2,10,658,1500,-9.55
0x200,05DCDB2A,10,659,1500,-9.43
0x200,05DCDBA2,10,660,1500,-9.31
0x200,05DCDC10,10,661,1500,-9.20
0x200,05DCDC88,10,662,1500,-9.08
0x200,05DCDD00,10,663,1500,-8.96
0x200,05DCDD78,10,664,1500,-8.84
0x200,05DCDDF0,10,665,1500,-8.72
0x200,05DCDE72,10,666,1500,-8.59
0x200,05DCDEEA,10,667,1500,-8.47
0x200,05DCDF62,10,668,1500,-8.35
0x200,05DCDFE4,10,669,1500,-8.22
0x200,07D0E066,10,670,2000,-8.09
0x200,07D0E0DE,10,671,2000,-7.97
0x200,07D0E160,10,672,2000,-7.84
0x200,07D0E1E2,10,673,2000,-7.71
0x200,07D0E264,10,674,2000,-7.58
0x200,07D0E2E6,10,675,2000,-7.45
0x200,07D0E368,10,676,2000,-7.32
0x200,07D0E3EA,10,677,2000,-7.19
0x200,07D0E46C,10,678,2000,-7.06
0x200,07D0E4F8,10,679,2000,-6.92
0x200,07D0E57A,10,680,2000,-6.79
0x200,07D0E606,10,681,2000,-6.65
0x200,07D0E688,10,682,2000,-6.52
0x200,07D0E714,10,683,2000,-6.38
0x200,07D0E796,10,684,2000,-6.25
0x200,07D0E822,10,685,2000,-6.11
0x200,07D0E8AE,10,686,2000,-5.97
0x200,07D0E93A,10,687,2000,-5.83
0x200,07D0E9C6,10,688,2000,-5.69
0x200,07D0EA52,10,689,2000,-5.55
0x200,07D0EADE,10,690,2000,-5.41
0x200,09C4EB6A,10,691,2500,-5.27
0x200,07D0EBF6,10,692,2000,-5.13
0x200,07D0EC82,10,693,2000,-4.99
0x200,09C4ED0E,10,694,2500,-4.85
0x200,09C4ED9A,10,695,2500,-4.71
0x200,07D0EE30,10,696,2000,-4.56
0x200,09C4EEBC,10,697,2500,-4.42
0x200,09C4EF48,10,698,2500,-4.28
0x200,09C4EFDE,10,699,2500,-4.13
0x200,09C4F06A,10,700,2500,-3.99
0x200,09C4F100,10,701,2500,-3.84
0x200,09C4F196,10,702,2500,-3.69
0x200,09C4F236,10,703,2500,-3.53
0x200,09C4F2CC,10,704,2500,-3.38
0x200,09C4F36C,10,705,2500,-3.22
0x200,09C4F402,10,706,2500,-3.07
0x200,09C4F4A2,10,707,2500,-2.91
0x200,09C4F538,10,708,2500,-2.76
0x200,09C4F5CE,10,709,2500,-2.61
0x200,09C4F664,10,710,2500,-2.46
0x200,09C4F6FA,10,711,2500,-2.31
0x200,09C4F790,10,712,2500,-2.16
0x200,09C4F827,10,713,2500,-2.01
0x200,09C4F8B2,10,714,2500,-1.87
0x200,09C4F948,10,715,2500,-1.72
0x200,09C4F9D4,10,716,2500,-1.58
0x200,09C4FA74,10,717,2500,-1.42
0x200,09C4FB14,10,718,2500,-1.26
0x200,09C4FBB4,10,719,2500,-1.10
0x200,09C4FC5E,10,720,2500,-0.93
0x200,09C4FCFE,10,721,2500,-0.77
0x200,09C4FD94,10,722,2500,-0.62
0x200,09C4FE2A,10,723,2500,-0.47
0x200,09C4FEA2,10,724,2500,-0.35
0x200,09C4FF1A,10,725,2500,-0.23
0x200,09C4FF7E,10,726,2500,-0.13
0x200,09C4FFD8,10,727,2500,-0.04
0x200,09C40032,10,728,2500,0.05
0x200,09C4008C,10,729,2500,0.14
0x200,07D000F0,10,730,2000,0.24
0x200,07D0015E,10,731,2000,0.35
0x200,07D001D6,10,732,2000,0.47
0x200,07D00258,10,733,2000,0.60
0x200,07D002E4,10,734,2000,0.74
0x200,07D00370,10,735,2000,0.88
0x200,07D00406,10,736,2000,1.03
0x200,07D00492,10,737,2000,1.17
0x200,07D00514,10,738,2000,1.30
0x200,07D0058C,10,739,2000,1.42
0x200,07D00604,10,740,2000,1.54
0x200,07D00672,10,741,2000,1.65
0x200,07D006E0,10,742,2000,1.76
0x200,07D0074E,10,743,2000,1.87
0x200,07D007BC,10,744,2000,1.98
0x200,07D00820,10,745,2000,2.08
0x200,07D0088E,10,746,2000,2.19
0x200,07D008F2,10,747,2000,2.29
0x200,07D00956,10,748,2000,2.39
0x200,07D009BA,10,749,2000,2.49
0x200,07D00A1E,10,750,2000,2.59
0x200,07D00A78,10,751,2000,2.68
0x200,07D00ADC,10,752,2000,2.78
0x200,07D00B36,10,753,2000,2.87
0x200,07D00B90,10,754,2000,2.96
0x200,07D00BEA,10,755,2000,3.05
0x200,07D00C44,10,756,2000,3.14
0x200,07D00C94,10,757,2000,3.22
0x200,07D00CEE,10,758,2000,3.31
0x200,07D00D3E,10,759,2000,3.39
0x200,07D00D8E,10,760,2000,3.47
0x200,07D00DDE,10,761,2000,3.55
0x200,07D00E24,10,762,2000,3.62
0x200,07D00E74,10,763,2000,3.70
0x200,07D00EBA,10,764,2000,3.77
0x200,07D00F00,10,765,2000,3.84
0x200,07D00F46,10,766,2000,3.91
0x200,07D00F82,10,767,2000,3.97
0x200,07D00FC8,10,768,2000,4.04
0x200,07D01004,10,769,2000,4.10
0x200,07D01040,10,770,2000,4.16
0x200,07D0107C,10,771,2000,4.22
0x200,07D010B8,10,772,2000,4.28
0x200,07D010EA,10,773,2000,4.33
0x200,07D01126,10,774,2000,4.39
0x200,07D01158,10,775,2000,4.44
0x200,07D0118A,10,776,2000,4.49
0x200,07D011BC,10,777,2000,4.54
0x200,07D011E4,10,778,2000,4.58
0x200,07D0120C,10,779,2000,4.62
0x200,07D0123E,10,780,2000,4.67
0x200,07D01266,10,781,2000,4.71
0x200,07D01284,10,782,2000,4.74
0x200,07D012AC,10,783,2000,4.78
0x200,07D012CA,10,784,2000,4.81
0x200,07D012E8,10,785,2000,4.84
0x200,07D01306,10,786,2000,4.87
0x200,07D01324,10,787,2000,4.90
0x200,07D01342,10,788,2000,4.93
0x200,07D01356,10,789,2000,4.95
0x200,05DC136A,10,790,1500,4.97
0x200,05DC137E,10,791,1500,4.99
0x200,05DC1392,10,792,1500,5.01
0x200,05DC13A6,10,793,1500,5.03
0x200,05DC13B0,10,794,1500,5.04
0x200,05DC13BA,10,795,1500,5.05
0x200,05DC13C4,10,796,1500,5.06
0x200,05DC13CE,10,797,1500,5.07
0x200,05DC13D8,10,798,1500,5.08
0x200,05DC13E2,10,799,1500,5.09
0x200,05DC13E2,10,800,1500,5.09
0x200,05DC13E2,10,801,1500,5.09
0x200,05DC13E2,10,802,1500,5.09
0x200,05DC13EC,10,803,1500,5.10
0x200,05DC13EC,10,804,1500,5.10
0x200,05DC13E2,10,805,1500,5.09
0x200,05DC13E2,10,806,1500,5.09
0x200,05DC13E2,10,807,1500,5.09
0x200,05DC13D8,10,808,1500,5.08
0x200,05DC13D8,10,809,1500,5.08
0x200,05DC13CE,10,810,1500,5.07
0x200,05DC13CE,10,811,1500,5.07
0x200,05DC13C4,10,812,1500,5.06
0x200,05DC13BA,10,813,1500,5.05
0x200,05DC13B0,10,814,1500,5.04
0x200,05DC13A6,10,815,1500,5.03
0x200,05DC1392,10,816,1500,5.01
0x200,05DC1388,10,817,1500,5.00
0x200,05DC137E,10,818,1500,4.99
0x200,05DC136A,10,819,1500,4.97
0x200,05DC1360,10,820,1500,4.96
0x200,05DC134C,10,821,1500,4.94
0x200,05DC1338,10,822,1500,4.92
0x200,05DC1324,10,823,1500,4.90
0x200,05DC1310,10,824,1500,4.88
0x200,05DC12FC,10,825,1500,4.86
0x200,05DC12E8,10,826,1500,4.84
0x200,05DC12D4,10,827,1500,4.82
0x200,05DC12C0,10,828,1500,4.80
0x200,05DC12A2,10,829,1500,4.77
0x200,05DC128E,10,830,1500,4.75
0x200,05DC127A,10,831,1500,4.73
0x200,05DC125C,10,832,1500,4.70
0x200,05DC123E,10,833,1500,4.67
0x200,05DC122A,10,834,1500,4.65
0x200,05DC120C,10,835,1500,4.62
0x200,05DC11EE,10,836,1500,4.59
0x200,05DC11D0,10,837,1500,4.56
0x200,05DC11B2,10,838,1500,4.53
0x200,05DC1194,10,839,1500,4.50
0x200,05DC1176,10,840,1500,4.47
0x200,05DC1158,10,841,1500,4.44
0x200,05DC1130,10,842,1500,4.40
0x200,05DC1112,10,843,1500,4.37
0x200,05DC10F4,10,844,1500,4.34
0x200,05DC10CC,10,845,1500,4.30
0x200,05DC10AE,10,846,1500,4.27
0x200,05DC1086,10,847,1500,4.23
0x200,05DC1068,10,848,1500,4.20
0x200,05DC1040,10,849,1500,4.16
0x200,03E81018,10,850,1000,4.12
0x200,03E80FFA,10,851,1000,4.09
0x200,03E80FD2,10,852,1000,4.05
0x200,03E80FAA,10,853,1000,4.01
0x200,03E80F82,10,854,1000,3.97
0x200,03E80F5A,10,855,1000,3.93
0x200,03E80F32,10,856,1000,3.89
0x200,03E80F0A,10,857,1000,3.85
0x200,03E80EE2,10,858,1000,3.81
0x200,03E80EBA,10,859,1000,3.77
0x200,03E80E92,10,860,1000,3.73
0x200,03E80E60,10,861,1000,3.68
0x200,03E80E38,10,862,1000,3.64
0x200,03E80E10,10,863,1000,3.60
0x200,03E80DE8,10,864,1000,3.56
0x200,03E80DB6,10,865,1000,3.51
0x200,03E80D8E,10,866,1000,3.47
0x200,03E80D5C,10,867,1000,3.42
0x200,03E80D34,10,868,1000,3.38
0x200,03E80D02,10,869,1000,3.33
0x200,03E80CDA,10,870,1000,3.29
0x200,03E80CA8,10,871,1000,3.24
0x200,03E80C80,10,872,1000,3.20
0x200,03E80C4E,10,873,1000,3.15
0x200,03E80C26,10,874,1000,3.11
0x200,03E80BF4,10,875,1000,3.06
0x200,03E80BC2,10,876,1000,3.01
0x200,03E80B9A,10,877,1000,2.97
0x200,03E80B68,10,878,1000,2.92
0x200,03E80B36,10,879,1000,2.87
0x200,03E80B04,10,880,1000,2.82
0x200,03E80ADC,10,881,1000,2.78
0x200,03E80AAA,10,882,1000,2.73
0x200,03E80A78,10,883,1000,2.68
0x200,03E80A46,10,884,1000,2.63
0x200,03E80A1E,10,885,1000,2.59
0x200,03E809EC,10,886,1000,2.54
0x200,03E809BA,10,887,1000,2.49
0x200,03E80988,10,888,1000,2.44
0x200,03E80956,10,889,1000,2.39
0x200,03E8092E,10,890,1000,2.35
0x200,03E808FC,10,891,1000,2.30
0x200,03E808CA,10,892,1000,2.25
0x200,03E80898,10,893,1000,2.20
0x200,03E80866,10,894,1000,2.15
0x200,03E8083E,10,895,1000,2.11
0x200,03E8080C,10,896,1000,2.06
0x200,03E807D9,10,897,1000,2.01
0x200,03E807A8,10,898,1000,1.96
0x200,03E80776,10,899,1000,1.91
0x200,03E8074E,10,900,1000,1.87
0x200,03E8071C,10,901,1000,1.82
0x200,03E806EA,10,902,1000,1.77
0x200,03E806B8,10,903,1000,1.72
0x200,03E80690,10,904,1000,1.68
0x200,03E8065E,10,905,1000,1.63
0x200,03E8062C,10,906,1000,1.58
0x200,03E80604,10,907,1000,1.54
0x200,03E805D2,10,908,1000,1.49
0x200,03E805A0,10,909,1000,1.44
0x200,01F40578,10,910,500,1.40
0x200,01F40546,10,911,500,1.35
0x200,01F4051E,10,912,500,1.31
0x200,01F404EC,10,913,500,1.26
0x200,01F404C4,10,914,500,1.22
0x200,01F40492,10,915,500,1.17
0x200,01F4046A,10,916,500,1.13
0x200,01F40438,10,917,500,1.08
0x200,01F40410,10,918,500,1.04
0x200,01F403E8,10,919,500,1.00
0x200,01F403C0,10,920,500,0.96
0x200,01F4038E,10,921,500,0.91
0x200,01F40366,10,922,500,0.87
0x200,01F4033E,10,923,500,0.83
0x200,01F40316,10,924,500,0.79
0x200,01F402EE,10,925,500,0.75
0x200,01F402C6,10,926,500,0.71
0x200,01F4029E,10,927,500,0.67
0x200,01F40276,10,928,500,0.63
0x200,01F4024E,10,929,500,0.59
0x200,01F40226,10,930,500,0.55
0x200,01F401FE,10,931,500,0.51
0x200,01F401E0,10,932,500,0.48
0x200,01F401B8,10,933,500,0.44
0x200,01F40190,10,934,500,0.40
0x200,01F40172,10,935,500,0.37
0x200,01F4014A,10,936,500,0.33
0x200,01F4012C,10,937,500,0.30
0x200,01F40104,10,938,500,0.26
0x200,01F400DC,10,939,500,0.22
0x200,01F400B4,10,940,500,0.18
0x200,01F40096,10,941,500,0.15
0x200,01F4006E,10,942,500,0.11
0x200,01F4005A,10,943,500,0.09
0x200,01F4003C,10,944,500,0.06
0x200,01F40028,10,945,500,0.04
0x200,01F4000A,10,946,500,0.01
0x200,01F40000,10,947,500,-0.00
0x200,01F4FFEC,10,948,500,-0.02
0x200,01F4FFD8,10,949,500,-0.04
0x200,01F4FFBA,10,950,500,-0.07
0x200,01F4FFA6,10,951,500,-0.09
0x200,01F4FF92,10,952,500,-0.11
0x200,01F4FF74,10,953,500,-0.14
0x200,01F4FF60,10,954,500,-0.16
0x200,01F4FF42,10,955,500,-0.19
0x200,01F4FF2E,10,956,500,-0.21
0x200,01F4FF1A,10,957,500,-0.23
0x200,01F4FF06,10,958,500,-0.25
0x200,01F4FEF2,10,959,500,-0.27
0x200,01F4FEDE,10,960,500,-0.29
0x200,01F4FED4,10,961,500,-0.30
0x200,01F4FEC0,10,962,500,-0.32
0x200,01F4FEB6,10,963,500,-0.33
0x200,01F4FEAC,10,964,500,-0.34
0x200,01F4FEA2,10,965,500,-0.35
0x200,01F4FE98,10,966,500,-0.36
0x200,01F4FE8E,10,967,500,-0.37
0x200,01F4FE84,10,968,500,-0.38
0x200,01F4FE7A,10,969,500,-0.39
